"","CHR","SNP","BP","allele2","allele1","White","Mixed","Asian"
"82","1","rs2049963",186851216,"A","G",0.0487646389830735,0.434295343444124,0.45406901159775
"3887","9","GSA-rs4295735",91344487,"C","A",0.0402965659695863,0.492952246932465,0.782619294308642
"4055","9","GSA-rs9721559",92465642,"A","G",0.0402965659695863,0.613961911902474,0.913432730007165
"5973","9","GSA-rs10820730",107536022,"C","A",0.0402965659695863,0.407904961853319,0.150058508976506
"5976","9","GSA-rs4149339",107545156,"A","G",0.0402965659695863,0.407904961853319,0.456490394853793
"5977","9","GSA-rs4149338",107545903,"A","G",0.0402965659695863,0.420114863092934,0.501642021406517
"9069","9","GSA-rs10818930",126991185,"A","C",0.0402965659695863,0.407904961853319,0.432501112231634
"9313","9","GSA-rs62578123",129369399,"C","A",0.0402965659695863,0.530686514168281,0.973374941000817
"10799","9","GSA-rs4842180",137755595,"G","A",0.0402965659695863,0.432653577880919,0.741751753456063
"11358","9","GSA-rs11791658",140605202,"G","A",0.0402965659695863,0.439991352281413,0.991572990657824
"11366","9","GSA-rs4526432",140734161,"G","A",0.0402965659695863,0.613961911902474,0.591113823840336
"12757","15","rs768546",28101137,"A","G",0.0185424270872954,0.407904961853319,0.107176477465266
"12758","15","GSA-rs4778199",28106587,"G","A",0.0402965659695863,0.407904961853319,0.219507043467082
"13976","16","rs870288",5585852,"G","A",0.0487646389830735,0.434295343444124,0.564619246771792
"14014","16","rs17512046",5773242,"G","A",0.0487646389830735,0.434295343444124,0.59227827628838
"14018","16","GSA-rs8063739",5778928,"C","A",0.0487646389830735,0.407904961853319,0.542331958628786
